Country Name,Country Code,Indicator Name,Indicator Code,1960,1961,1962,1963,1964,1965,1966,1967,1968,1969,1970,1971,1972,1973,1974,1975,1976,1977,1978,1979,1980,1981,1982,1983,1984,1985,1986,1987,1988,1989,1990,1991,1992,1993,1994,1995,1996,1997,1998,1999,2000,2001,2002,2003,2004,2005,2006,2007,2008,2009,2010,2011,2012,2013,2014,2015,2016,2017,2018,2019,2020,2021,2022
Aruba,ABW,Number of deaths ages 10-14 years,SH.DTH.1014,,,,,,,,,,,,,,,,,,,,,,,,,,,,,,,,,,,,,,,,,,,,,,,,,,,,,,,,,,,,,,,
Africa Eastern and Southern,AFE,Number of deaths ages 10-14 years,SH.DTH.1014,,,,,,,,,,,,,,,,,,,,,,,,,,,,,,,87424,88310,91036,96496,124307,93602,94813,96310,96623,96441,96242,95720,95100,94391,93606,92900,92246,91344,90693,89280,88793,87993,86915,86784,86946,87250,87764,88459,89307,90216,90997,91655,
Afghanistan,AFG,Number of deaths ages 10-14 years,SH.DTH.1014,,,,,,,,,,,,,,,,,,,,,,,,,,,,,,,2244,1993,1884,2071,2141,2140,2074,2039,2720,2031,2067,2009,2040,2256,2418,2561,2770,2984,3160,3289,3304,3223,3079,2857,2598,2363,2172,2050,1958,1879,1823,1777,
Africa Western and Central,AFW,Number of deaths ages 10-14 years,SH.DTH.1014,,,,,,,,,,,,,,,,,,,,,,,,,,,,,,,63017,63819,64591,65300,65894,66375,66759,67136,67424,67761,68142,68684,69313,70084,70696,71392,72197,72905,73702,74628,75667,76841,78181,79481,80908,82141,83129,84224,85188,86309,86701,87424,
Angola,AGO,Number of deaths ages 10-14 years,SH.DTH.1014,,,,,,,,,,,,,,,,,,,,,,,,,,,,,,,5242,4650,5707,5037,5242,5446,5644,5819,5969,6093,6183,6234,6253,6235,6178,6093,5990,5868,5738,5612,5496,5402,5318,5260,5245,5260,5298,5352,5409,5464,5501,5540,
Albania,ALB,Number of deaths ages 10-14 years,SH.DTH.1014,,,,,,,,,,,,,,,,,,,,,,,,,,,,,,,172,162,154,147,141,136,132,151,125,121,118,114,110,106,101,96,91,86,80,74,69,64,59,55,51,47,44,41,38,36,34,32,
Andorra,AND,Number of deaths ages 10-14 years,SH.DTH.1014,,,,,,,,,,,,,,,,,,,,,,,,,,,,,,,1,1,1,1,1,1,1,1,1,1,1,1,1,1,1,1,1,1,1,1,0,0,0,0,0,0,0,0,0,0,0,0,
Arab World,ARB,Number of deaths ages 10-14 years,SH.DTH.1014,,,,,,,,,,,,,,,,,,,,,,,,,,,,,,,27671,27097,26568,26198,26110,25832,25558,25185,24753,24245,23669,23048,22490,22304,21821,21693,21662,21540,21809,21268,21708,21766,22292,22855,23010,22667,22394,21045,21268,21303,21206,21611,
United Arab Emirates,ARE,Number of deaths ages 10-14 years,SH.DTH.1014,,,,,,,,,,,,,,,,,,,,,,,,,,,,,,,57,57,56,56,57,58,59,63,63,62,59,56,54,53,53,54,58,63,69,72,73,73,71,68,64,59,56,54,56,59,62,65,
Argentina,ARG,Number of deaths ages 10-14 years,SH.DTH.1014,,,,,,,,,,,,,,,,,,,,,,,,,,,,,,,1149,1148,1136,1115,1088,1061,1039,1030,1029,1025,1016,1006,1001,1005,1023,1052,1076,1081,1065,1034,994,951,911,879,857,844,832,810,773,721,659,602,
Armenia,ARM,Number of deaths ages 10-14 years,SH.DTH.1014,,,,,,,,,,,,,,,,,,,,,,,,,,,,,,,95,90,86,78,73,69,67,65,63,61,60,59,58,57,55,52,49,46,43,41,39,38,36,35,35,34,34,34,34,34,34,35,
American Samoa,ASM,Number of deaths ages 10-14 years,SH.DTH.1014,,,,,,,,,,,,,,,,,,,,,,,,,,,,,,,,,,,,,,,,,,,,,,,,,,,,,,,,,,,,,,,
Antigua and Barbuda,ATG,Number of deaths ages 10-14 years,SH.DTH.1014,,,,,,,,,,,,,,,,,,,,,,,,,,,,,,,2,2,2,2,2,2,2,2,2,2,2,2,2,2,2,2,2,2,2,2,2,2,2,2,1,1,1,1,1,1,1,1,
Australia,AUS,Number of deaths ages 10-14 years,SH.DTH.1014,,,,,,,,,,,,,,,,,,,,,,,,,,,,,,,243,237,231,226,222,217,211,205,198,193,187,183,179,174,170,165,160,156,152,148,145,142,139,137,135,133,132,132,133,134,133,132,
Austria,AUT,Number of deaths ages 10-14 years,SH.DTH.1014,,,,,,,,,,,,,,,,,,,,,,,,,,,,,,,81,80,79,79,78,75,73,70,67,65,63,62,61,60,59,57,55,53,51,48,46,44,43,41,40,39,39,39,38,37,36,36,
Azerbaijan,AZE,Number of deaths ages 10-14 years,SH.DTH.1014,,,,,,,,,,,,,,,,,,,,,,,,,,,,,,,315,339,401,391,415,428,434,434,431,424,420,413,402,387,367,344,317,291,266,245,227,213,203,199,200,205,215,228,242,255,267,277,
Burundi,BDI,Number of deaths ages 10-14 years,SH.DTH.1014,,,,,,,,,,,,,,,,,,,,,,,,,,,,,,,2811,3108,3415,7978,3835,4079,4172,4196,4218,4200,4116,3962,3750,3496,3157,2823,2575,2346,2153,2055,2019,1981,1998,2064,2154,2264,2375,2486,2583,2675,2758,2825,
Belgium,BEL,Number of deaths ages 10-14 years,SH.DTH.1014,,,,,,,,,,,,,,,,,,,,,,,,,,,,,,,126,123,119,115,111,106,102,98,95,93,91,90,88,86,83,80,77,73,71,68,67,65,63,62,60,59,59,58,58,58,57,57,
Benin,BEN,Number of deaths ages 10-14 years,SH.DTH.1014,,,,,,,,,,,,,,,,,,,,,,,,,,,,,,,1592,1614,1637,1662,1692,1706,1722,1737,1757,1780,1800,1820,1839,1857,1886,1917,1938,1952,1967,1972,1976,1983,1994,2006,2021,2040,2058,2082,2097,2105,2111,2118,
Burkina Faso,BFA,Number of deaths ages 10-14 years,SH.DTH.1014,,,,,,,,,,,,,,,,,,,,,,,,,,,,,,,2183,2259,2337,2412,2489,2569,2641,2709,2766,2813,2844,2863,2873,2877,2879,2877,2876,2872,2880,2886,2900,2908,2924,2949,2977,2996,3033,3074,3114,3139,3173,3210,
Bangladesh,BGD,Number of deaths ages 10-14 years,SH.DTH.1014,,,,,,,,,,,,,,,,,,,,,,,,,,,,,,,21982,36458,21720,21780,21888,21906,21177,19376,16988,14692,12861,11751,11543,11972,12731,13485,13991,14052,13689,12974,12117,11264,10476,9822,9347,9033,8765,8502,8164,7685,7082,6501,
Bulgaria,BGR,Number of deaths ages 10-14 years,SH.DTH.1014,,,,,,,,,,,,,,,,,,,,,,,,,,,,,,,246,238,230,222,214,207,201,194,186,178,169,159,147,136,125,114,105,96,88,82,79,76,73,70,68,64,62,61,60,60,59,58,
Bahrain,BHR,Number of deaths ages 10-14 years,SH.DTH.1014,,,,,,,,,,,,,,,,,,,,,,,,,,,,,,,16,16,17,18,19,19,19,19,19,18,18,18,18,18,18,18,17,17,17,17,17,16,16,15,16,17,17,17,17,18,18,18,
"Bahamas, The",BHS,Number of deaths ages 10-14 years,SH.DTH.1014,,,,,,,,,,,,,,,,,,,,,,,,,,,,,,,9,9,9,9,10,10,10,11,11,11,11,11,11,12,12,12,11,11,11,10,10,10,10,10,10,9,9,9,9,33,8,8,
Bosnia and Herzegovina,BIH,Number of deaths ages 10-14 years,SH.DTH.1014,,,,,,,,,,,,,,,,,,,,,,,,,,,,,,,91,86,572,552,75,137,69,66,63,59,56,52,49,46,42,39,36,34,34,33,32,31,29,27,26,25,24,24,23,23,23,23,
Belarus,BLR,Number of deaths ages 10-14 years,SH.DTH.1014,,,,,,,,,,,,,,,,,,,,,,,,,,,,,,,289,290,288,285,281,275,271,265,257,246,232,215,196,178,160,144,130,118,109,102,97,93,89,84,79,74,70,67,65,64,62,61,
Belize,BLZ,Number of deaths ages 10-14 years,SH.DTH.1014,,,,,,,,,,,,,,,,,,,,,,,,,,,,,,,11,11,11,12,12,12,13,13,13,14,14,14,15,15,15,15,15,15,15,15,15,15,15,15,14,14,14,13,13,13,12,12,
Bermuda,BMU,Number of deaths ages 10-14 years,SH.DTH.1014,,,,,,,,,,,,,,,,,,,,,,,,,,,,,,,,,,,,,,,,,,,,,,,,,,,,,,,,,,,,,,,
Bolivia,BOL,Number of deaths ages 10-14 years,SH.DTH.1014,,,,,,,,,,,,,,,,,,,,,,,,,,,,,,,744,737,730,723,712,703,696,691,686,684,681,678,675,670,661,651,639,626,613,600,588,575,562,551,538,527,520,513,504,497,488,480,
Brazil,BRA,Number of deaths ages 10-14 years,SH.DTH.1014,,,,,,,,,,,,,,,,,,,,,,,,,,,,,,,7294,7246,7231,7231,7218,7172,7087,6964,6816,6662,6513,6374,6236,6115,6016,5941,5885,5843,5805,5750,5664,5551,5409,5236,5061,4900,4744,4581,4415,4237,4050,3871,
Barbados,BRB,Number of deaths ages 10-14 years,SH.DTH.1014,,,,,,,,,,,,,,,,,,,,,,,,,,,,,,,6,6,6,6,6,6,6,6,6,6,6,6,6,6,6,6,5,5,5,5,5,5,5,5,5,5,5,5,4,4,4,4,
Brunei Darussalam,BRN,Number of deaths ages 10-14 years,SH.DTH.1014,,,,,,,,,,,,,,,,,,,,,,,,,,,,,,,10,10,10,10,11,11,11,11,11,11,11,10,10,10,9,9,9,9,8,8,8,8,8,8,7,7,7,7,7,6,6,6,
Bhutan,BTN,Number of deaths ages 10-14 years,SH.DTH.1014,,,,,,,,,,,,,,,,,,,,,,,,,,,,,,,30,33,35,34,36,38,41,44,47,50,63,57,61,65,68,70,72,73,74,74,75,75,76,76,77,77,76,74,71,68,65,63,
Botswana,BWA,Number of deaths ages 10-14 years,SH.DTH.1014,,,,,,,,,,,,,,,,,,,,,,,,,,,,,,,239,240,241,240,238,236,232,227,222,217,212,206,200,194,189,184,208,173,167,162,159,157,156,156,155,155,155,156,156,156,155,154,
Central African Republic,CAF,Number of deaths ages 10-14 years,SH.DTH.1014,,,,,,,,,,,,,,,,,,,,,,,,,,,,,,,802,827,858,891,927,962,992,1029,1066,1104,1143,1184,1209,1251,1292,1334,1380,1421,1458,1494,1527,1552,1571,1580,1586,1591,1604,1616,1628,1641,1655,1664,
Canada,CAN,Number of deaths ages 10-14 years,SH.DTH.1014,,,,,,,,,,,,,,,,,,,,,,,,,,,,,,,408,402,396,389,381,372,363,352,341,331,322,314,308,303,295,286,276,266,256,246,236,227,221,217,215,214,214,216,218,220,221,220,
Central Europe and the Baltics,CEB,Number of deaths ages 10-14 years,SH.DTH.1014,,,,,,,,,,,,,,,,,,,,,,,,,,,,,,,2935,2856,2725,2603,2497,2404,2331,2312,2359,2406,2346,2164,1923,1681,1477,1323,1216,1135,1066,1011,961,914,863,820,784,755,738,729,717,707,698,684,
Switzerland,CHE,Number of deaths ages 10-14 years,SH.DTH.1014,,,,,,,,,,,,,,,,,,,,,,,,,,,,,,,73,72,70,70,68,67,65,63,61,60,58,57,56,54,52,50,48,46,44,42,40,39,38,36,35,34,34,33,33,33,33,33,
Channel Islands,CHI,Number of deaths ages 10-14 years,SH.DTH.1014,,,,,,,,,,,,,,,,,,,,,,,,,,,,,,,,,,,,,,,,,,,,,,,,,,,,,,,,,,,,,,,
Chile,CHL,Number of deaths ages 10-14 years,SH.DTH.1014,,,,,,,,,,,,,,,,,,,,,,,,,,,,,,,401,388,377,366,358,351,345,339,333,327,322,316,310,302,293,283,272,262,252,242,261,224,217,210,204,197,191,186,182,179,177,174,
China,CHN,Number of deaths ages 10-14 years,SH.DTH.1014,,,,,,,,,,,,,,,,,,,,,,,,,,,,,,,51012,49249,48796,48466,47471,46604,45951,45455,45064,44802,44473,42867,39695,36325,33006,29504,26686,24787,27410,21827,20690,19748,18905,18204,17674,17154,16741,16566,16483,16415,16296,16110,
Cote d'Ivoire,CIV,Number of deaths ages 10-14 years,SH.DTH.1014,,,,,,,,,,,,,,,,,,,,,,,,,,,,,,,3230,3365,3467,3551,3622,3659,3688,3703,3750,3836,3963,4123,4313,4467,4595,4720,4850,4994,5172,5360,5562,5759,6007,6232,6453,6654,6831,6968,7080,7143,7195,7216,
Cameroon,CMR,Number of deaths ages 10-14 years,SH.DTH.1014,,,,,,,,,,,,,,,,,,,,,,,,,,,,,,,2878,2987,3101,3215,3322,3422,3520,3613,3712,3811,3895,3977,4045,4111,4174,4231,4277,4312,4352,4403,4473,4546,4635,4729,4827,4925,5032,5135,5213,5284,5342,5365,
"Congo, Dem. Rep.",COD,Number of deaths ages 10-14 years,SH.DTH.1014,,,,,,,,,,,,,,,,,,,,,,,,,,,,,,,8758,9050,9348,9652,10016,10427,10796,11153,11564,11994,12408,12802,13211,13626,14067,14629,15264,15827,16356,16866,17259,17632,18096,18620,19195,19757,20270,20765,21254,21686,22143,22562,
"Congo, Rep.",COG,Number of deaths ages 10-14 years,SH.DTH.1014,,,,,,,,,,,,,,,,,,,,,,,,,,,,,,,473,470,467,463,464,467,470,473,475,476,474,473,469,463,458,455,452,448,445,440,437,433,431,432,434,438,443,448,455,711,472,479,
Colombia,COL,Number of deaths ages 10-14 years,SH.DTH.1014,,,,,,,,,,,,,,,,,,,,,,,,,,,,,,,1867,1828,1789,1749,1709,1673,1645,1628,1619,1613,1605,1594,1576,1553,1527,1498,1468,1434,1397,1358,1319,1282,1247,1214,1184,1156,1128,1101,1074,1047,1018,990,
Comoros,COM,Number of deaths ages 10-14 years,SH.DTH.1014,,,,,,,,,,,,,,,,,,,,,,,,,,,,,,,52,53,53,53,53,53,53,53,52,52,52,51,51,51,51,50,49,48,47,46,44,43,42,40,38,37,35,34,33,33,32,32,
Cabo Verde,CPV,Number of deaths ages 10-14 years,SH.DTH.1014,,,,,,,,,,,,,,,,,,,,,,,,,,,,,,,28,29,30,31,31,49,31,31,30,30,29,29,28,27,26,25,24,22,21,20,18,17,16,15,14,13,13,12,12,11,11,11,
Costa Rica,CRI,Number of deaths ages 10-14 years,SH.DTH.1014,,,,,,,,,,,,,,,,,,,,,,,,,,,,,,,100,102,104,105,107,109,110,111,112,111,110,109,107,105,103,101,99,97,95,92,90,88,86,83,81,78,76,74,74,73,72,71,
Caribbean small states,CSS,Number of deaths ages 10-14 years,SH.DTH.1014,,,,,,,,,,,,,,,,,,,,,,,,,,,,,,,298,293,291,291,291,289,291,289,285,282,278,275,271,267,265,264,258,256,252,244,239,232,227,221,216,212,209,205,202,223,194,189,
Cuba,CUB,Number of deaths ages 10-14 years,SH.DTH.1014,,,,,,,,,,,,,,,,,,,,,,,,,,,,,,,322,295,277,270,267,268,270,270,267,262,254,243,228,212,196,180,168,160,156,155,154,153,152,150,146,141,135,128,123,120,119,119,
Curacao,CUW,Number of deaths ages 10-14 years,SH.DTH.1014,,,,,,,,,,,,,,,,,,,,,,,,,,,,,,,,,,,,,,,,,,,,,,,,,,,,,,,,,,,,,,,
Cayman Islands,CYM,Number of deaths ages 10-14 years,SH.DTH.1014,,,,,,,,,,,,,,,,,,,,,,,,,,,,,,,,,,,,,,,,,,,,,,,,,,,,,,,,,,,,,,,
Cyprus,CYP,Number of deaths ages 10-14 years,SH.DTH.1014,,,,,,,,,,,,,,,,,,,,,,,,,,,,,,,8,8,9,9,10,10,11,11,12,12,12,12,13,13,13,13,13,12,12,11,10,10,9,9,9,8,8,8,8,8,8,8,
Czechia,CZE,Number of deaths ages 10-14 years,SH.DTH.1014,,,,,,,,,,,,,,,,,,,,,,,,,,,,,,,198,187,176,165,154,145,139,132,126,121,116,111,106,101,95,87,79,72,65,59,55,53,51,49,48,48,48,49,50,51,52,52,
Germany,DEU,Number of deaths ages 10-14 years,SH.DTH.1014,,,,,,,,,,,,,,,,,,,,,,,,,,,,,,,757,755,747,732,712,686,661,640,625,614,603,585,558,527,492,459,432,415,402,391,382,371,356,342,331,320,312,307,304,301,298,295,
Djibouti,DJI,Number of deaths ages 10-14 years,SH.DTH.1014,,,,,,,,,,,,,,,,,,,,,,,,,,,,,,,133,146,153,140,143,142,142,144,146,147,148,149,149,149,148,146,145,143,141,140,139,139,140,140,139,137,135,131,127,123,119,115,
Dominica,DMA,Number of deaths ages 10-14 years,SH.DTH.1014,,,,,,,,,,,,,,,,,,,,,,,,,,,,,,,3,3,3,3,3,3,3,3,3,3,3,3,2,2,2,2,2,2,2,2,2,2,2,2,2,2,2,2,2,2,2,2,
Denmark,DNK,Number of deaths ages 10-14 years,SH.DTH.1014,,,,,,,,,,,,,,,,,,,,,,,,,,,,,,,60,56,53,50,48,46,44,44,43,43,43,42,41,40,39,38,37,35,33,31,30,28,27,26,25,25,24,24,24,24,24,23,
Dominican Republic,DOM,Number of deaths ages 10-14 years,SH.DTH.1014,,,,,,,,,,,,,,,,,,,,,,,,,,,,,,,480,470,462,455,449,443,438,434,430,428,427,426,425,423,422,418,413,408,401,394,388,383,378,373,367,360,352,343,335,328,324,320,
Algeria,DZA,Number of deaths ages 10-14 years,SH.DTH.1014,,,,,,,,,,,,,,,,,,,,,,,,,,,,,,,2383,2397,2422,2446,2461,2461,2439,2385,2304,2220,2123,2019,1913,2025,1712,1624,1538,1454,1367,1284,1216,1166,1133,1121,1125,1131,1138,1147,1153,1154,1147,1140,
East Asia & Pacific (excluding high income),EAP,Number of deaths ages 10-14 years,SH.DTH.1014,,,,,,,,,,,,,,,,,,,,,,,,,,,,,,,94586,93284,92274,91886,90744,89505,88237,86939,85821,84426,83172,80688,76688,72454,80420,63952,60255,57477,69797,52629,50513,48690,46988,46144,44312,43234,42394,41885,41553,41226,40829,40337,
Early-demographic dividend,EAR,Number of deaths ages 10-14 years,SH.DTH.1014,,,,,,,,,,,,,,,,,,,,,,,,,,,,,,,293803,305834,292238,293786,325094,292782,291371,288937,286084,279757,272342,266713,261474,259728,264214,256373,242824,236978,240965,223201,224057,209013,203441,197909,190923,185222,178076,171037,165792,160508,155340,151450,
East Asia & Pacific,EAS,Number of deaths ages 10-14 years,SH.DTH.1014,,,,,,,,,,,,,,,,,,,,,,,,,,,,,,,97739,96333,95211,94696,93401,92172,90515,89039,87761,86227,84858,82285,78218,73925,81839,65323,61578,58753,71025,53810,51646,50290,48028,47138,45263,44143,43264,42731,42384,42045,41635,41132,
Europe & Central Asia (excluding high income),ECA,Number of deaths ages 10-14 years,SH.DTH.1014,,,,,,,,,,,,,,,,,,,,,,,,,,,,,,,14258,14656,15598,15892,15702,15843,15864,15779,15572,16736,14839,14299,13575,12755,11946,11184,10457,9804,9214,8664,8151,7712,7343,7045,6829,6662,6522,6431,6381,6343,6301,6258,
Europe & Central Asia,ECS,Number of deaths ages 10-14 years,SH.DTH.1014,,,,,,,,,,,,,,,,,,,,,,,,,,,,,,,21765,21967,22650,22687,22235,22104,21870,21596,21295,22392,20330,19512,18445,17271,16129,15087,14134,13296,12554,11874,11244,10698,10214,9817,9519,9283,9097,8973,8887,8810,8729,8639,
Ecuador,ECU,Number of deaths ages 10-14 years,SH.DTH.1014,,,,,,,,,,,,,,,,,,,,,,,,,,,,,,,868,848,827,804,784,768,757,751,749,748,745,739,730,717,703,687,671,654,636,617,598,578,560,542,524,509,542,479,466,453,440,427,
"Egypt, Arab Rep.",EGY,Number of deaths ages 10-14 years,SH.DTH.1014,,,,,,,,,,,,,,,,,,,,,,,,,,,,,,,6759,6412,6096,5847,5663,5520,5405,5289,5145,4964,4755,4535,4339,4189,4096,4071,4121,4213,4318,4414,4483,4518,4516,4476,4411,4340,4278,4240,4225,4233,4271,4325,
Euro area,EMU,Number of deaths ages 10-14 years,SH.DTH.1014,,,,,,,,,,,,,,,,,,,,,,,,,,,,,,,4287,4172,4048,3911,3762,3587,3409,3233,3082,2949,2825,2712,2592,2467,2333,2205,2089,1992,1916,1857,1805,1759,1703,1654,1610,1564,1531,1502,1472,1439,1407,1374,
Eritrea,ERI,Number of deaths ages 10-14 years,SH.DTH.1014,,,,,,,,,,,,,,,,,,,,,,,,,,,,,,,665,651,543,530,521,508,501,485,471,458,448,436,427,418,413,407,406,406,404,401,393,384,373,367,365,366,367,365,362,357,351,342,
Spain,ESP,Number of deaths ages 10-14 years,SH.DTH.1014,,,,,,,,,,,,,,,,,,,,,,,,,,,,,,,712,670,628,585,543,504,467,434,405,380,358,339,322,310,296,281,268,256,247,239,232,227,221,216,212,208,205,203,200,197,193,186,
Estonia,EST,Number of deaths ages 10-14 years,SH.DTH.1014,,,,,,,,,,,,,,,,,,,,,,,,,,,,,,,51,50,49,47,46,44,42,40,39,37,33,31,28,25,22,19,16,14,13,12,11,11,10,10,9,9,9,9,9,9,9,8,
Ethiopia,ETH,Number of deaths ages 10-14 years,SH.DTH.1014,,,,,,,,,,,,,,,,,,,,,,,,,,,,,,,25495,25385,25380,25014,24605,24278,24122,24059,24093,24001,23852,23498,23042,22454,21789,21046,20177,19270,18279,17292,16247,15276,14310,13358,12442,11578,10829,10211,9699,9306,8979,8698,
European Union,EUU,Number of deaths ages 10-14 years,SH.DTH.1014,,,,,,,,,,,,,,,,,,,,,,,,,,,,,,,6958,6766,6513,6260,6010,5753,5510,5328,5236,5169,5005,4724,4380,4030,3706,3438,3228,3059,2924,2813,2717,2628,2528,2441,2367,2299,2251,2215,2176,2136,2096,2051,
Fragile and conflict affected situations,FCS,Number of deaths ages 10-14 years,SH.DTH.1014,,,,,,,,,,,,,,,,,,,,,,,,,,,,,,,120168,120912,121627,126730,123344,124163,124557,124820,125882,125100,125161,124910,124730,124817,125047,124818,125041,124965,135799,124746,133421,125355,126227,127228,127882,128022,128299,127767,128693,129588,129968,131470,
Finland,FIN,Number of deaths ages 10-14 years,SH.DTH.1014,,,,,,,,,,,,,,,,,,,,,,,,,,,,,,,59,57,56,56,56,55,53,52,50,48,47,46,45,45,43,42,40,38,36,34,32,30,29,28,27,27,26,26,26,25,25,25,
Fiji,FJI,Number of deaths ages 10-14 years,SH.DTH.1014,,,,,,,,,,,,,,,,,,,,,,,,,,,,,,,96,97,97,96,94,92,88,85,81,78,74,71,67,64,61,58,55,53,50,48,47,45,44,44,44,44,49,46,47,48,49,49,
France,FRA,Number of deaths ages 10-14 years,SH.DTH.1014,,,,,,,,,,,,,,,,,,,,,,,,,,,,,,,754,742,729,709,685,657,628,600,578,558,536,512,487,459,431,407,386,369,357,350,345,341,337,332,326,319,313,308,304,300,296,292,
Faroe Islands,FRO,Number of deaths ages 10-14 years,SH.DTH.1014,,,,,,,,,,,,,,,,,,,,,,,,,,,,,,,,,,,,,,,,,,,,,,,,,,,,,,,,,,,,,,,
"Micronesia, Fed. Sts.",FSM,Number of deaths ages 10-14 years,SH.DTH.1014,,,,,,,,,,,,,,,,,,,,,,,,,,,,,,,10,10,10,11,11,11,11,11,10,10,10,9,14,9,9,9,9,8,8,8,8,8,7,7,7,7,6,6,6,6,6,6,
Gabon,GAB,Number of deaths ages 10-14 years,SH.DTH.1014,,,,,,,,,,,,,,,,,,,,,,,,,,,,,,,180,188,196,204,212,219,227,235,243,252,260,268,276,284,291,297,302,306,309,310,312,313,314,315,316,317,319,320,322,325,327,330,
United Kingdom,GBR,Number of deaths ages 10-14 years,SH.DTH.1014,,,,,,,,,,,,,,,,,,,,,,,,,,,,,,,672,663,653,642,625,606,591,580,572,565,557,551,541,528,511,491,469,446,424,404,384,365,349,337,329,325,325,328,331,332,332,330,
Georgia,GEO,Number of deaths ages 10-14 years,SH.DTH.1014,,,,,,,,,,,,,,,,,,,,,,,,,,,,,,,138,140,115,107,101,96,94,92,90,88,87,85,84,82,81,79,76,73,71,69,67,65,63,60,58,57,55,53,52,52,52,51,
Ghana,GHA,Number of deaths ages 10-14 years,SH.DTH.1014,,,,,,,,,,,,,,,,,,,,,,,,,,,,,,,3539,3621,3685,3733,3765,3773,3773,3763,3725,3686,3653,3614,3576,3528,3477,3415,3354,3300,3257,3236,3241,3262,3289,3314,3333,3348,3356,3356,3348,3345,3324,3314,
Gibraltar,GIB,Number of deaths ages 10-14 years,SH.DTH.1014,,,,,,,,,,,,,,,,,,,,,,,,,,,,,,,,,,,,,,,,,,,,,,,,,,,,,,,,,,,,,,,
Guinea,GIN,Number of deaths ages 10-14 years,SH.DTH.1014,,,,,,,,,,,,,,,,,,,,,,,,,,,,,,,2152,2170,2172,2157,2157,2144,2142,2139,2137,2143,2148,2151,2154,2158,2160,2157,2153,2146,2135,2122,2107,2094,2065,2043,2023,2006,1995,1990,1986,1989,1994,1995,
"Gambia, The",GMB,Number of deaths ages 10-14 years,SH.DTH.1014,,,,,,,,,,,,,,,,,,,,,,,,,,,,,,,286,291,295,299,302,306,309,312,315,317,318,319,319,318,317,316,314,312,311,311,310,310,310,310,310,311,312,314,315,316,317,317,
Guinea-Bissau,GNB,Number of deaths ages 10-14 years,SH.DTH.1014,,,,,,,,,,,,,,,,,,,,,,,,,,,,,,,179,183,190,198,208,214,219,288,225,226,227,228,230,234,238,243,249,256,262,267,272,276,279,282,284,287,289,291,293,292,292,291,
Equatorial Guinea,GNQ,Number of deaths ages 10-14 years,SH.DTH.1014,,,,,,,,,,,,,,,,,,,,,,,,,,,,,,,118,121,125,130,135,142,149,157,165,172,177,187,195,200,203,204,203,201,199,196,193,189,186,185,186,192,201,214,227,239,250,255,
Greece,GRC,Number of deaths ages 10-14 years,SH.DTH.1014,,,,,,,,,,,,,,,,,,,,,,,,,,,,,,,145,141,136,131,125,117,110,102,96,91,85,81,78,75,72,71,69,67,65,64,62,61,59,57,55,53,51,50,49,47,46,45,
Grenada,GRD,Number of deaths ages 10-14 years,SH.DTH.1014,,,,,,,,,,,,,,,,,,,,,,,,,,,,,,,4,4,4,4,4,4,4,4,4,5,5,5,4,4,4,4,4,4,4,4,4,4,4,4,4,4,4,4,4,4,4,4,
Greenland,GRL,Number of deaths ages 10-14 years,SH.DTH.1014,,,,,,,,,,,,,,,,,,,,,,,,,,,,,,,,,,,,,,,,,,,,,,,,,,,,,,,,,,,,,,,
Guatemala,GTM,Number of deaths ages 10-14 years,SH.DTH.1014,,,,,,,,,,,,,,,,,,,,,,,,,,,,,,,1219,1177,1124,1071,1023,987,961,946,938,933,927,920,912,906,901,1046,898,894,887,876,865,857,852,850,847,842,832,818,800,781,760,741,
Guam,GUM,Number of deaths ages 10-14 years,SH.DTH.1014,,,,,,,,,,,,,,,,,,,,,,,,,,,,,,,,,,,,,,,,,,,,,,,,,,,,,,,,,,,,,,,
Guyana,GUY,Number of deaths ages 10-14 years,SH.DTH.1014,,,,,,,,,,,,,,,,,,,,,,,,,,,,,,,48,45,43,41,40,38,38,37,38,38,39,40,41,42,44,45,45,46,46,46,46,45,44,44,44,44,43,43,43,43,42,41,
High income,HIC,Number of deaths ages 10-14 years,SH.DTH.1014,,,,,,,,,,,,,,,,,,,,,,,,,,,,,,,18457,18073,17710,17286,16762,16339,15521,14970,14533,14159,13733,13231,12698,12159,11615,11096,10605,10161,9751,9396,9111,9323,8563,8367,8223,8104,8042,8038,8043,8063,8017,7929,
"Hong Kong SAR, China",HKG,Number of deaths ages 10-14 years,SH.DTH.1014,,,,,,,,,,,,,,,,,,,,,,,,,,,,,,,,,,,,,,,,,,,,,,,,,,,,,,,,,,,,,,,
Honduras,HND,Number of deaths ages 10-14 years,SH.DTH.1014,,,,,,,,,,,,,,,,,,,,,,,,,,,,,,,452,454,455,454,452,451,448,449,1871,450,455,462,471,481,493,505,519,531,545,561,578,596,613,629,642,652,660,662,662,655,644,630,
Heavily indebted poor countries (HIPC),HPC,Number of deaths ages 10-14 years,SH.DTH.1014,,,,,,,,,,,,,,,,,,,,,,,,,,,,,,,109381,110694,112370,118775,146529,115665,116710,118171,120923,118288,118129,117683,117298,117080,116916,116459,116510,116506,116855,116455,125196,117006,116691,117159,117978,118790,119641,120876,122122,123525,124307,125376,
Croatia,HRV,Number of deaths ages 10-14 years,SH.DTH.1014,,,,,,,,,,,,,,,,,,,,,,,,,,,,,,,94,110,86,80,75,75,64,59,54,49,45,41,39,36,34,32,31,30,29,28,27,26,24,23,22,22,22,22,22,22,23,23,
Haiti,HTI,Number of deaths ages 10-14 years,SH.DTH.1014,,,,,,,,,,,,,,,,,,,,,,,,,,,,,,,1647,1659,1670,1677,1678,1678,1674,1665,1655,1645,1631,1609,1583,1549,1776,1471,1435,1401,1368,1335,9539,1267,1237,1206,1177,1148,1118,1093,1070,1048,1028,1224,
Hungary,HUN,Number of deaths ages 10-14 years,SH.DTH.1014,,,,,,,,,,,,,,,,,,,,,,,,,,,,,,,215,200,186,172,161,152,145,139,134,130,126,121,116,112,107,102,96,89,83,78,73,69,66,64,62,60,58,57,56,55,53,50,
IBRD only,IBD,Number of deaths ages 10-14 years,SH.DTH.1014,,,,,,,,,,,,,,,,,,,,,,,,,,,,,,,290880,284171,284103,282593,280868,279312,277377,275532,273291,272011,267004,261675,254072,249016,249916,229553,221518,214145,211135,199848,193007,186660,180408,175024,168742,163162,157783,152906,148311,143843,139659,135832,
IDA & IBRD total,IBT,Number of deaths ages 10-14 years,SH.DTH.1014,,,,,,,,,,,,,,,,,,,,,,,,,,,,,,,494938,505484,493851,500018,527199,495423,493999,491492,489309,482329,474769,467333,458608,453355,456707,442649,426674,419216,426714,404246,404900,389957,384411,379892,374397,370109,364256,358944,355415,351923,347637,344773,
IDA total,IDA,Number of deaths ages 10-14 years,SH.DTH.1014,,,,,,,,,,,,,,,,,,,,,,,,,,,,,,,204058,221313,209748,217425,246331,216111,216622,215960,216018,210318,207765,205658,204536,204339,206791,213096,205156,205071,215579,204398,211893,203297,204003,204868,205655,206947,206473,206038,207104,208080,207978,208941,
IDA blend,IDB,Number of deaths ages 10-14 years,SH.DTH.1014,,,,,,,,,,,,,,,,,,,,,,,,,,,,,,,56811,58140,59483,60735,61788,62567,62993,63195,63439,63300,63301,63327,63306,63403,63621,72340,64440,64890,65399,66021,66689,67500,68421,69281,69978,70523,70874,71169,71435,72009,71841,72140,
Indonesia,IDN,Number of deaths ages 10-14 years,SH.DTH.1014,,,,,,,,,,,,,,,,,,,,,,,,,,,,,,,19057,18768,18492,18171,17809,17383,16866,16303,15727,15202,14709,14289,13925,13541,24863,12898,12633,12401,12175,11929,11652,11377,11072,10788,10535,10322,10147,10013,9906,9785,9667,9567,
IDA only,IDX,Number of deaths ages 10-14 years,SH.DTH.1014,,,,,,,,,,,,,,,,,,,,,,,,,,,,,,,147247,163173,150265,156690,184543,153544,153629,152765,152579,147018,144464,142331,141230,140936,143170,140756,140716,140181,150180,138377,145204,135797,135582,135587,135677,136424,135599,134869,135669,136071,136137,136801,
Isle of Man,IMN,Number of deaths ages 10-14 years,SH.DTH.1014,,,,,,,,,,,,,,,,,,,,,,,,,,,,,,,,,,,,,,,,,,,,,,,,,,,,,,,,,,,,,,,
India,IND,Number of deaths ages 10-14 years,SH.DTH.1014,,,,,,,,,,,,,,,,,,,,,,,,,,,,,,,137812,137935,138176,138404,138628,138572,138165,137636,136723,135279,133266,130833,128142,125300,122128,118995,115688,112200,108601,104925,101294,97798,94295,90577,86755,82684,78427,74192,70069,66213,62601,59385,
Not classified,INX,Number of deaths ages 10-14 years,SH.DTH.1014,,,,,,,,,,,,,,,,,,,,,,,,,,,,,,,,,,,,,,,,,,,,,,,,,,,,,,,,,,,,,,,
Ireland,IRL,Number of deaths ages 10-14 years,SH.DTH.1014,,,,,,,,,,,,,,,,,,,,,,,,,,,,,,,70,69,67,65,62,59,56,53,50,47,45,43,41,39,37,35,34,33,32,32,31,30,29,28,28,27,26,25,25,24,24,24,
"Iran, Islamic Rep.",IRN,Number of deaths ages 10-14 years,SH.DTH.1014,,,,,,,,,,,,,,,,,,,,,,,,,,,,,,,8797,4835,4843,4857,4833,4814,4777,4713,4616,4506,4395,4303,4222,6856,4003,3844,3655,3446,3237,3046,2883,2733,2588,2451,2330,2295,2282,2230,2197,2177,2160,2143,
Iraq,IRQ,Number of deaths ages 10-14 years,SH.DTH.1014,,,,,,,,,,,,,,,,,,,,,,,,,,,,,,,2048,1959,1932,1919,1967,1964,1956,1949,1947,1953,1975,2017,2066,2131,2186,2242,2294,2246,2230,2314,2381,2446,2511,2605,2664,2677,2675,2676,2690,2700,2712,2751,
Iceland,ISL,Number of deaths ages 10-14 years,SH.DTH.1014,,,,,,,,,,,,,,,,,,,,,,,,,,,,,,,4,4,4,4,4,3,3,3,3,3,3,3,3,3,3,3,3,3,3,2,2,2,2,2,2,2,2,2,2,2,2,2,
Israel,ISR,Number of deaths ages 10-14 years,SH.DTH.1014,,,,,,,,,,,,,,,,,,,,,,,,,,,,,,,90,88,87,86,86,85,85,84,84,83,82,81,80,79,77,76,75,74,74,74,73,73,72,71,71,70,68,67,66,64,63,63,
Italy,ITA,Number of deaths ages 10-14 years,SH.DTH.1014,,,,,,,,,,,,,,,,,,,,,,,,,,,,,,,701,680,658,641,619,589,550,506,466,435,412,395,382,366,350,335,322,311,304,298,292,285,277,270,265,261,257,249,238,225,211,198,
Jamaica,JAM,Number of deaths ages 10-14 years,SH.DTH.1014,,,,,,,,,,,,,,,,,,,,,,,,,,,,,,,124,122,121,121,121,121,121,120,118,116,114,112,110,109,108,108,107,105,102,98,93,88,84,79,76,74,72,70,68,65,63,60,
Jordan,JOR,Number of deaths ages 10-14 years,SH.DTH.1014,,,,,,,,,,,,,,,,,,,,,,,,,,,,,,,187,189,191,193,194,194,195,196,196,197,197,197,198,200,203,206,208,226,224,220,213,207,201,194,211,230,241,243,246,247,248,248,
Japan,JPN,Number of deaths ages 10-14 years,SH.DTH.1014,,,,,,,,,,,,,,,,,,,,,,,,,,,,,,,1245,1183,1125,1070,1018,1164,923,878,833,784,735,692,655,623,599,582,567,554,544,534,526,1025,511,501,489,475,460,449,439,431,424,416,
Kazakhstan,KAZ,Number of deaths ages 10-14 years,SH.DTH.1014,,,,,,,,,,,,,,,,,,,,,,,,,,,,,,,871,885,895,896,891,875,864,850,830,800,784,764,740,714,689,661,626,586,543,501,464,434,412,399,393,394,402,416,433,449,462,471,
Kenya,KEN,Number of deaths ages 10-14 years,SH.DTH.1014,,,,,,,,,,,,,,,,,,,,,,,,,,,,,,,3181,3393,3611,3834,4036,4233,4410,4559,4685,4771,4819,4821,4790,4726,4655,4599,4571,4582,4618,4692,4798,4936,5096,5249,5392,5512,5603,5660,5714,5745,5716,5656,
Kyrgyz Republic,KGZ,Number of deaths ages 10-14 years,SH.DTH.1014,,,,,,,,,,,,,,,,,,,,,,,,,,,,,,,239,239,242,246,251,261,270,277,280,279,275,267,258,246,234,224,214,205,196,189,182,177,174,172,173,174,177,180,185,189,195,201,
Cambodia,KHM,Number of deaths ages 10-14 years,SH.DTH.1014,,,,,,,,,,,,,,,,,,,,,,,,,,,,,,,1321,1457,1621,1791,1902,1936,1922,1887,1842,1762,1677,1595,1513,1427,1342,1255,1159,1054,958,877,806,752,714,680,646,621,603,585,573,561,550,539,
Kiribati,KIR,Number of deaths ages 10-14 years,SH.DTH.1014,,,,,,,,,,,,,,,,,,,,,,,,,,,,,,,10,10,10,10,10,10,11,11,11,11,11,11,11,11,11,11,11,12,12,12,12,12,11,11,10,10,10,10,10,10,11,11,
St. Kitts and Nevis,KNA,Number of deaths ages 10-14 years,SH.DTH.1014,,,,,,,,,,,,,,,,,,,,,,,,,,,,,,,2,2,2,2,2,2,2,2,2,2,2,2,2,2,2,2,1,1,1,1,1,1,1,1,1,1,1,1,1,1,1,1,
"Korea, Rep.",KOR,Number of deaths ages 10-14 years,SH.DTH.1014,,,,,,,,,,,,,,,,,,,,,,,,,,,,,,,1530,1497,1453,1390,1295,1166,1026,900,793,711,653,613,588,567,547,525,500,472,442,412,380,345,312,281,255,231,211,199,193,188,184,183,
Kuwait,KWT,Number of deaths ages 10-14 years,SH.DTH.1014,,,,,,,,,,,,,,,,,,,,,,,,,,,,,,,124,53,74,73,58,47,47,49,50,50,49,48,46,45,44,44,44,45,46,46,46,45,46,47,48,47,51,52,54,56,56,57,
Latin America & Caribbean (excluding high income),LAC,Number of deaths ages 10-14 years,SH.DTH.1014,,,,,,,,,,,,,,,,,,,,,,,,,,,,,,,24615,23991,23450,23001,22605,22265,21951,21657,23178,21087,20802,20614,20202,19918,19937,19606,19257,19031,18780,18499,26369,17776,17402,17000,16606,16245,15948,15560,15200,14811,14408,14226,
Lao PDR,LAO,Number of deaths ages 10-14 years,SH.DTH.1014,,,,,,,,,,,,,,,,,,,,,,,,,,,,,,,1164,1167,1175,1182,1194,1207,1223,1239,1245,1253,1260,1267,1272,1270,1256,1228,1181,1130,1080,1038,999,959,918,873,827,783,748,721,699,680,660,640,
Lebanon,LBN,Number of deaths ages 10-14 years,SH.DTH.1014,,,,,,,,,,,,,,,,,,,,,,,,,,,,,,,280,273,266,260,254,248,240,233,225,217,209,200,190,178,166,154,143,134,126,119,113,107,103,101,111,113,109,106,105,105,105,104,
Liberia,LBR,Number of deaths ages 10-14 years,SH.DTH.1014,,,,,,,,,,,,,,,,,,,,,,,,,,,,,,,796,600,642,678,693,660,682,671,751,773,782,773,768,837,727,727,751,773,794,808,822,839,860,878,1036,1087,952,983,1013,1032,1040,1039,
Libya,LBY,Number of deaths ages 10-14 years,SH.DTH.1014,,,,,,,,,,,,,,,,,,,,,,,,,,,,,,,292,292,289,283,276,270,265,263,262,261,259,260,259,259,258,255,252,245,239,233,228,293,213,213,213,214,213,212,210,207,204,202,
St. Lucia,LCA,Number of deaths ages 10-14 years,SH.DTH.1014,,,,,,,,,,,,,,,,,,,,,,,,,,,,,,,8,8,8,8,7,7,7,7,7,6,6,6,6,5,5,5,5,5,5,4,4,4,4,4,4,3,3,3,3,3,3,3,
Latin America & Caribbean,LCN,Number of deaths ages 10-14 years,SH.DTH.1014,,,,,,,,,,,,,,,,,,,,,,,,,,,,,,,26416,25768,25207,24739,24331,23981,23665,23375,24907,22832,22572,22408,22016,21740,21755,21406,21028,20769,20482,20163,28030,19383,18997,18598,18217,17866,17573,17345,16982,16445,16010,15825,
Least developed countries: UN classification,LDC,Number of deaths ages 10-14 years,SH.DTH.1014,,,,,,,,,,,,,,,,,,,,,,,,,,,,,,,141808,156892,144795,150468,178441,147632,147864,147321,145615,142034,139621,137565,136467,136183,136210,135861,135668,134916,144636,132023,139037,129241,127363,126418,126149,127165,126372,126908,127671,128160,128190,128919,
Low income,LIC,Number of deaths ages 10-14 years,SH.DTH.1014,,,,,,,,,,,,,,,,,,,,,,,,,,,,,,,93227,94230,95645,101835,129345,98297,99252,100679,101447,100366,99942,99196,98562,98198,97669,97424,97425,97331,97488,96842,97031,96811,97379,98054,98600,98780,99049,98579,99765,100782,101614,102815,
Liechtenstein,LIE,Number of deaths ages 10-14 years,SH.DTH.1014,,,,,,,,,,,,,,,,,,,,,,,,,,,,,,,,,,,,,,,,,,,,,,,,,,,,,,,,,,,,,,,
Sri Lanka,LKA,Number of deaths ages 10-14 years,SH.DTH.1014,,,,,,,,,,,,,,,,,,,,,,,,,,,,,,,1128,1100,1065,1023,978,938,901,868,838,807,774,740,707,678,2806,636,626,621,617,1110,603,578,543,499,456,419,389,366,347,331,316,300,
Lower middle income,LMC,Number of deaths ages 10-14 years,SH.DTH.1014,,,,,,,,,,,,,,,,,,,,,,,,,,,,,,,307728,319453,306654,307197,308451,308752,307245,303773,301108,293816,288419,283480,279004,278113,285545,276295,264100,259701,265525,250384,253115,240434,236288,232700,227971,224597,219349,215004,210716,206798,202203,198690,
Low & middle income,LMY,Number of deaths ages 10-14 years,SH.DTH.1014,,,,,,,,,,,,,,,,,,,,,,,,,,,,,,,492947,503630,492230,498637,526042,494451,493153,490656,488355,481192,473498,466035,457340,452157,455586,441602,425694,418290,425828,403389,404018,389097,383531,378979,373475,369104,363210,357699,354146,350802,346499,343608,
Lesotho,LSO,Number of deaths ages 10-14 years,SH.DTH.1014,,,,,,,,,,,,,,,,,,,,,,,,,,,,,,,339,339,339,338,337,336,335,333,329,324,318,310,301,290,278,267,258,250,242,236,229,223,217,212,207,203,199,196,193,189,187,185,
Late-demographic dividend,LTE,Number of deaths ages 10-14 years,SH.DTH.1014,,,,,,,,,,,,,,,,,,,,,,,,,,,,,,,84998,83122,82761,82464,81445,80350,79370,78533,77672,76847,75807,73221,68833,64142,62181,54913,51039,48207,49975,44083,41706,40008,38493,37199,36177,35221,34397,33833,33396,32989,32463,31908,
Lithuania,LTU,Number of deaths ages 10-14 years,SH.DTH.1014,,,,,,,,,,,,,,,,,,,,,,,,,,,,,,,108,106,105,103,101,98,96,93,90,85,81,77,73,69,64,60,55,50,45,42,39,35,32,29,27,24,23,22,21,20,20,19,
Luxembourg,LUX,Number of deaths ages 10-14 years,SH.DTH.1014,,,,,,,,,,,,,,,,,,,,,,,,,,,,,,,3,3,3,3,3,3,2,2,2,2,2,2,2,2,2,2,2,2,2,1,1,1,1,1,1,1,1,1,1,1,1,1,
Latvia,LVA,Number of deaths ages 10-14 years,SH.DTH.1014,,,,,,,,,,,,,,,,,,,,,,,,,,,,,,,89,88,86,84,82,79,76,73,69,65,60,56,51,46,42,37,32,28,24,22,20,19,18,17,16,14,13,13,12,11,10,9,
"Macao SAR, China",MAC,Number of deaths ages 10-14 years,SH.DTH.1014,,,,,,,,,,,,,,,,,,,,,,,,,,,,,,,,,,,,,,,,,,,,,,,,,,,,,,,,,,,,,,,
St. Martin (French part),MAF,Number of deaths ages 10-14 years,SH.DTH.1014,,,,,,,,,,,,,,,,,,,,,,,,,,,,,,,,,,,,,,,,,,,,,,,,,,,,,,,,,,,,,,,
Morocco,MAR,Number of deaths ages 10-14 years,SH.DTH.1014,,,,,,,,,,,,,,,,,,,,,,,,,,,,,,,2221,2157,2098,2038,1970,1893,1802,1708,1616,1528,1445,1370,1302,1235,1171,1106,1038,974,917,864,819,781,745,715,690,671,654,641,630,622,617,612,
Monaco,MCO,Number of deaths ages 10-14 years,SH.DTH.1014,,,,,,,,,,,,,,,,,,,,,,,,,,,,,,,0,0,0,0,0,0,0,0,0,0,0,0,0,0,0,0,0,0,0,0,0,0,0,0,0,0,0,0,0,0,0,0,
Moldova,MDA,Number of deaths ages 10-14 years,SH.DTH.1014,,,,,,,,,,,,,,,,,,,,,,,,,,,,,,,178,181,184,188,191,193,192,189,183,171,158,146,134,124,116,106,96,87,79,71,65,60,57,54,52,51,50,50,50,50,50,51,
Madagascar,MDG,Number of deaths ages 10-14 years,SH.DTH.1014,,,,,,,,,,,,,,,,,,,,,,,,,,,,,,,3913,3818,3721,3643,3576,3534,3513,3517,3527,3551,3592,3624,3663,3698,3731,3768,3810,3844,3871,3889,3906,3926,3960,4018,4111,4251,4434,4667,4932,5208,5477,5690,
Maldives,MDV,Number of deaths ages 10-14 years,SH.DTH.1014,,,,,,,,,,,,,,,,,,,,,,,,,,,,,,,20,20,20,20,21,21,21,20,20,19,19,18,18,17,26,15,14,14,13,12,11,10,9,8,7,7,7,6,6,6,6,6,
Middle East & North Africa,MEA,Number of deaths ages 10-14 years,SH.DTH.1014,,,,,,,,,,,,,,,,,,,,,,,,,,,,,,,29700,25145,24744,24374,24056,23676,23271,22810,22256,21640,20983,20350,19766,22195,18786,18383,18016,17598,17207,16938,16678,16616,17659,18099,18133,17753,17464,16002,16126,16067,15885,16216,
Mexico,MEX,Number of deaths ages 10-14 years,SH.DTH.1014,,,,,,,,,,,,,,,,,,,,,,,,,,,,,,,5258,4865,4532,4277,4095,3980,3905,3851,3806,3767,3732,3692,3663,3646,3639,3637,3627,3609,3586,3553,3515,3487,3454,3410,3360,3312,3265,3232,3199,3167,3145,3118,
Marshall Islands,MHL,Number of deaths ages 10-14 years,SH.DTH.1014,,,,,,,,,,,,,,,,,,,,,,,,,,,,,,,5,5,5,5,5,5,5,5,5,5,5,5,5,5,5,5,4,4,4,4,4,4,4,4,4,3,3,3,3,3,3,3,
Middle income,MIC,Number of deaths ages 10-14 years,SH.DTH.1014,,,,,,,,,,,,,,,,,,,,,,,,,,,,,,,403816,413502,400678,400871,400757,400195,397936,394004,390928,384842,377562,370835,362768,357946,361901,348157,332248,324937,332313,310512,310942,296236,290080,284839,278776,274213,268049,263009,258272,253921,248792,244699,
North Macedonia,MKD,Number of deaths ages 10-14 years,SH.DTH.1014,,,,,,,,,,,,,,,,,,,,,,,,,,,,,,,51,50,49,49,50,49,48,47,45,42,40,37,35,33,31,30,28,27,26,24,23,22,22,22,21,21,20,19,19,19,19,19,
Mali,MLI,Number of deaths ages 10-14 years,SH.DTH.1014,,,,,,,,,,,,,,,,,,,,,,,,,,,,,,,2719,2776,2829,2876,2924,2967,3005,3042,3076,3102,3121,3144,3171,3203,3242,3286,3334,3388,3454,3534,3635,3756,3887,4030,4177,4318,4466,4603,4731,4827,4898,4976,
Malta,MLT,Number of deaths ages 10-14 years,SH.DTH.1014,,,,,,,,,,,,,,,,,,,,,,,,,,,,,,,4,4,4,4,4,4,4,4,4,4,4,4,4,4,4,4,4,3,3,3,3,3,3,3,3,2,2,2,2,2,2,2,
Myanmar,MMR,Number of deaths ages 10-14 years,SH.DTH.1014,,,,,,,,,,,,,,,,,,,,,,,,,,,,,,,5847,5943,6014,6046,6082,6062,5997,5874,5745,5569,5405,5247,5096,4950,4792,4611,4389,4155,14529,3645,3404,3185,2957,2737,2541,2377,2246,2123,2019,1924,1852,1789,
Middle East & North Africa (excluding high income),MNA,Number of deaths ages 10-14 years,SH.DTH.1014,,,,,,,,,,,,,,,,,,,,,,,,,,,,,,,27505,23076,22704,22388,22155,21877,21561,21181,20701,20153,19556,18975,18436,20900,17520,17141,16801,16406,16051,15816,15599,15584,16674,17161,17238,16902,16646,15209,15349,15297,15116,15448,
Montenegro,MNE,Number of deaths ages 10-14 years,SH.DTH.1014,,,,,,,,,,,,,,,,,,,,,,,,,,,,,,,12,12,12,12,12,12,11,11,11,10,10,10,9,9,8,8,8,7,7,7,6,6,6,5,5,5,4,4,4,4,4,4,
Mongolia,MNG,Number of deaths ages 10-14 years,SH.DTH.1014,,,,,,,,,,,,,,,,,,,,,,,,,,,,,,,245,248,249,250,249,246,241,234,224,213,199,184,168,152,138,127,118,113,110,108,106,105,103,101,98,96,94,94,97,102,106,111,
Northern Mariana Islands,MNP,Number of deaths ages 10-14 years,SH.DTH.1014,,,,,,,,,,,,,,,,,,,,,,,,,,,,,,,,,,,,,,,,,,,,,,,,,,,,,,,,,,,,,,,
Mozambique,MOZ,Number of deaths ages 10-14 years,SH.DTH.1014,,,,,,,,,,,,,,,,,,,,,,,,,,,,,,,6398,6185,5985,5811,5764,5849,5767,5684,5596,5503,5403,5309,5223,5138,5052,4993,4921,4885,4850,4817,4788,4760,4744,4745,4740,4718,4704,4693,4700,4731,4766,4812,
Mauritania,MRT,Number of deaths ages 10-14 years,SH.DTH.1014,,,,,,,,,,,,,,,,,,,,,,,,,,,,,,,365,368,371,376,380,385,390,394,399,405,412,420,428,439,450,459,465,466,462,448,437,427,421,418,418,417,417,417,417,419,419,420,
Mauritius,MUS,Number of deaths ages 10-14 years,SH.DTH.1014,,,,,,,,,,,,,,,,,,,,,,,,,,,,,,,44,43,42,40,38,36,34,33,32,31,31,31,31,30,30,29,28,27,26,25,24,23,23,22,22,21,20,19,18,17,16,15,
Malawi,MWI,Number of deaths ages 10-14 years,SH.DTH.1014,,,,,,,,,,,,,,,,,,,,,,,,,,,,,,,2611,2672,2715,2749,2686,2554,2505,2446,2396,2361,2330,2311,2305,2299,2293,2293,2298,2307,2322,2354,2384,2416,2450,2489,2529,2577,2624,2662,2690,2699,2694,2670,
Malaysia,MYS,Number of deaths ages 10-14 years,SH.DTH.1014,,,,,,,,,,,,,,,,,,,,,,,,,,,,,,,968,947,929,916,908,902,897,889,876,860,843,850,859,869,876,878,872,860,845,830,817,810,808,807,804,795,777,745,697,634,567,505,
North America,NAC,Number of deaths ages 10-14 years,SH.DTH.1014,,,,,,,,,,,,,,,,,,,,,,,,,,,,,,,4911,4968,5017,5044,5028,4977,4899,4802,4702,4612,4535,4463,4395,4316,4198,4045,3871,3695,3532,3400,3305,3244,3215,3221,3254,3302,3367,3453,3532,3592,3628,3604,
Namibia,NAM,Number of deaths ages 10-14 years,SH.DTH.1014,,,,,,,,,,,,,,,,,,,,,,,,,,,,,,,181,182,184,186,191,197,205,214,226,239,254,271,287,298,307,311,310,309,308,310,313,315,318,321,322,324,327,330,333,339,344,349,
New Caledonia,NCL,Number of deaths ages 10-14 years,SH.DTH.1014,,,,,,,,,,,,,,,,,,,,,,,,,,,,,,,,,,,,,,,,,,,,,,,,,,,,,,,,,,,,,,,
Niger,NER,Number of deaths ages 10-14 years,SH.DTH.1014,,,,,,,,,,,,,,,,,,,,,,,,,,,,,,,3588,3719,3848,3966,4081,4197,4308,4419,4531,4651,4780,4920,5060,5199,5359,5528,5711,5908,6102,6297,6484,6654,6806,6943,7096,7244,7393,7535,7676,7817,7970,8136,
Nigeria,NGA,Number of deaths ages 10-14 years,SH.DTH.1014,,,,,,,,,,,,,,,,,,,,,,,,,,,,,,,31668,31869,31964,31994,31940,31790,31561,31298,31013,30792,30636,30593,30631,30820,31051,31300,31624,31847,32103,32426,32757,33217,33787,34326,34827,35268,35616,35947,36219,36518,36660,36959,
Nicaragua,NIC,Number of deaths ages 10-14 years,SH.DTH.1014,,,,,,,,,,,,,,,,,,,,,,,,,,,,,,,301,310,319,327,335,343,349,355,705,364,370,374,378,380,382,383,383,380,374,366,357,348,338,328,319,309,300,293,286,279,274,270,
Netherlands,NLD,Number of deaths ages 10-14 years,SH.DTH.1014,,,,,,,,,,,,,,,,,,,,,,,,,,,,,,,167,164,161,157,153,150,147,145,144,143,141,139,136,133,128,123,117,112,108,105,103,102,100,98,95,92,89,86,84,82,80,79,
Norway,NOR,Number of deaths ages 10-14 years,SH.DTH.1014,,,,,,,,,,,,,,,,,,,,,,,,,,,,,,,48,46,44,43,42,41,40,39,39,39,39,39,39,39,38,37,36,35,34,33,32,31,30,29,28,27,27,27,26,26,26,25,
Nepal,NPL,Number of deaths ages 10-14 years,SH.DTH.1014,,,,,,,,,,,,,,,,,,,,,,,,,,,,,,,3427,3382,3333,3283,3222,3156,3074,2986,2894,2794,2697,2602,2513,2431,2356,2287,2209,2131,2049,1968,1890,1821,1754,1688,1619,2420,1482,1418,1353,1293,1235,1189,
Nauru,NRU,Number of deaths ages 10-14 years,SH.DTH.1014,,,,,,,,,,,,,,,,,,,,,,,,,,,,,,,1,1,1,1,1,1,1,1,1,1,1,1,1,1,1,1,1,1,1,1,1,1,1,1,1,1,1,1,1,1,1,1,
New Zealand,NZL,Number of deaths ages 10-14 years,SH.DTH.1014,,,,,,,,,,,,,,,,,,,,,,,,,,,,,,,69,68,66,64,63,62,61,60,60,59,59,59,58,57,55,53,51,49,47,46,44,51,42,40,39,39,38,38,39,40,40,40,
OECD members,OED,Number of deaths ages 10-14 years,SH.DTH.1014,,,,,,,,,,,,,,,,,,,,,,,,,,,,,,,24666,24090,23533,23011,22475,22111,21371,20845,20362,21435,19539,19176,18812,18425,17983,17497,16967,16420,15870,15325,14830,14842,13881,13480,13160,12907,12720,12629,12566,12495,12404,12237,
Oman,OMN,Number of deaths ages 10-14 years,SH.DTH.1014,,,,,,,,,,,,,,,,,,,,,,,,,,,,,,,177,171,164,157,149,142,134,126,119,112,105,99,94,90,86,82,78,81,70,67,64,62,59,58,59,61,63,65,66,68,72,77,
Other small states,OSS,Number of deaths ages 10-14 years,SH.DTH.1014,,,,,,,,,,,,,,,,,,,,,,,,,,,,,,,2259,2304,2341,2352,2387,2429,2434,2519,2474,2485,2504,2511,2523,2527,2532,2506,2512,2455,2431,2412,2396,2383,2376,2368,2358,2359,2359,2365,2367,2370,2371,2366,
Pakistan,PAK,Number of deaths ages 10-14 years,SH.DTH.1014,,,,,,,,,,,,,,,,,,,,,,,,,,,,,,,14902,15576,16347,17061,17723,18215,18517,18687,18808,18918,19000,19047,19004,18938,18930,27380,19113,19250,19390,19523,19634,19734,19798,19839,19779,19669,19491,19325,19202,19127,19021,19041,
Panama,PAN,Number of deaths ages 10-14 years,SH.DTH.1014,,,,,,,,,,,,,,,,,,,,,,,,,,,,,,,124,124,124,125,125,126,126,126,126,125,124,123,122,121,121,120,121,122,123,125,127,128,128,128,128,127,126,125,125,124,124,123,
Peru,PER,Number of deaths ages 10-14 years,SH.DTH.1014,,,,,,,,,,,,,,,,,,,,,,,,,,,,,,,2037,1987,1936,1887,1840,1790,1740,1689,1638,1588,1536,1482,1426,1369,1314,1260,1205,1149,1097,1041,991,946,905,870,841,819,806,802,792,781,766,747,
Philippines,PHL,Number of deaths ages 10-14 years,SH.DTH.1014,,,,,,,,,,,,,,,,,,,,,,,,,,,,,,,5588,6059,5402,5310,5216,5125,5041,4977,4915,4852,4812,4775,4741,4729,4732,4748,4769,4791,4788,4744,4698,4684,4691,5326,4707,4721,4776,4869,4975,5077,5151,5179,
Palau,PLW,Number of deaths ages 10-14 years,SH.DTH.1014,,,,,,,,,,,,,,,,,,,,,,,,,,,,,,,1,1,1,1,1,1,1,1,1,1,1,1,1,1,1,1,1,1,1,1,1,1,1,0,0,0,0,0,0,0,0,0,
Papua New Guinea,PNG,Number of deaths ages 10-14 years,SH.DTH.1014,,,,,,,,,,,,,,,,,,,,,,,,,,,,,,,543,550,560,571,584,597,611,625,815,651,663,673,684,695,704,712,720,728,735,742,749,757,763,769,773,776,777,776,773,770,766,760,
Poland,POL,Number of deaths ages 10-14 years,SH.DTH.1014,,,,,,,,,,,,,,,,,,,,,,,,,,,,,,,883,865,837,815,795,775,753,721,675,627,587,559,533,507,481,453,423,394,365,337,313,291,271,253,239,230,224,223,225,229,230,227,
Pre-demographic dividend,PRE,Number of deaths ages 10-14 years,SH.DTH.1014,,,,,,,,,,,,,,,,,,,,,,,,,,,,,,,117625,117977,119944,124953,122375,123971,125025,125772,127269,127382,128183,128877,129715,130871,131710,132805,134312,135589,137356,138550,140693,142443,143921,146163,148641,150903,152959,155191,157300,159480,160830,162373,
Puerto Rico,PRI,Number of deaths ages 10-14 years,SH.DTH.1014,,,,,,,,,,,,,,,,,,,,,,,,,,,,,,,,,,,,,,,,,,,,,,,,,,,,,,,,,,,,,,,
"Korea, Dem. People's Rep.",PRK,Number of deaths ages 10-14 years,SH.DTH.1014,,,,,,,,,,,,,,,,,,,,,,,,,,,,,,,1222,1322,1458,1603,1745,1860,1934,1954,1922,1836,1706,1561,1419,1303,1223,1180,1164,1150,1125,1088,1033,970,903,844,788,741,699,661,631,601,570,532,
Portugal,PRT,Number of deaths ages 10-14 years,SH.DTH.1014,,,,,,,,,,,,,,,,,,,,,,,,,,,,,,,302,286,269,253,237,221,205,188,172,158,145,135,125,116,108,99,91,85,79,75,71,68,64,61,58,55,53,51,49,48,47,46,
Paraguay,PRY,Number of deaths ages 10-14 years,SH.DTH.1014,,,,,,,,,,,,,,,,,,,,,,,,,,,,,,,261,270,280,290,300,309,317,324,330,334,337,340,341,342,339,335,331,325,319,312,305,298,290,281,272,263,256,250,243,237,231,226,
West Bank and Gaza,PSE,Number of deaths ages 10-14 years,SH.DTH.1014,,,,,,,,,,,,,,,,,,,,,,,,,,,,,,,133,136,140,144,148,152,157,162,168,173,178,183,188,193,197,200,202,203,204,205,205,206,208,209,248,212,213,212,213,214,216,217,
Pacific island small states,PSS,Number of deaths ages 10-14 years,SH.DTH.1014,,,,,,,,,,,,,,,,,,,,,,,,,,,,,,,171,172,173,173,172,170,167,167,162,159,156,152,154,147,145,142,140,142,134,146,131,129,125,124,123,122,126,122,123,124,127,127,
Post-demographic dividend,PST,Number of deaths ages 10-14 years,SH.DTH.1014,,,,,,,,,,,,,,,,,,,,,,,,,,,,,,,15897,15683,15905,15623,14792,14590,13819,13308,12810,12344,11917,11513,11113,10705,10246,9764,9278,8816,8402,8049,7754,8025,7307,7160,7067,6998,6974,7001,7033,7056,7049,6976,
French Polynesia,PYF,Number of deaths ages 10-14 years,SH.DTH.1014,,,,,,,,,,,,,,,,,,,,,,,,,,,,,,,,,,,,,,,,,,,,,,,,,,,,,,,,,,,,,,,
Qatar,QAT,Number of deaths ages 10-14 years,SH.DTH.1014,,,,,,,,,,,,,,,,,,,,,,,,,,,,,,,14,14,13,13,13,13,13,13,14,14,14,14,14,14,15,15,15,14,14,15,15,15,15,16,16,16,15,16,15,15,16,16,
Romania,ROU,Number of deaths ages 10-14 years,SH.DTH.1014,,,,,,,,,,,,,,,,,,,,,,,,,,,,,,,901,866,827,777,734,699,689,739,868,1002,1022,906,732,557,420,338,303,291,289,289,286,278,266,255,245,238,234,228,218,206,198,194,
Russian Federation,RUS,Number of deaths ages 10-14 years,SH.DTH.1014,,,,,,,,,,,,,,,,,,,,,,,,,,,,,,,5127,5321,5509,5711,5834,5825,5789,5785,5727,5612,5465,5206,4798,4301,3815,3372,2983,2676,2453,2287,2158,2075,2029,2009,1994,1969,1923,1874,1826,1779,1733,1704,
Rwanda,RWA,Number of deaths ages 10-14 years,SH.DTH.1014,,,,,,,,,,,,,,,,,,,,,,,,,,,,,,,3936,4639,5600,6854,37978,6117,6413,7233,6665,5807,5079,4447,3882,3411,3072,2783,2525,2289,2068,1873,1709,1596,1538,1529,1566,1638,1735,1858,1982,2099,2168,2222,
South Asia,SAS,Number of deaths ages 10-14 years,SH.DTH.1014,,,,,,,,,,,,,,,,,,,,,,,,,,,,,,,181545,196497,182580,183676,184637,184986,183970,181656,179038,174590,170747,167057,164028,161657,161463,165429,154483,151325,147593,143875,138928,134503,130030,125366,120638,116672,110809,105933,101170,96602,92149,88262,
Saudi Arabia,SAU,Number of deaths ages 10-14 years,SH.DTH.1014,,,,,,,,,,,,,,,,,,,,,,,,,,,,,,,1713,1666,1625,1579,1515,1431,1349,1271,1202,1144,1096,1055,1020,992,969,949,924,895,863,828,788,745,703,660,618,579,546,520,501,488,480,470,
Sudan,SDN,Number of deaths ages 10-14 years,SH.DTH.1014,,,,,,,,,,,,,,,,,,,,,,,,,,,,,,,4125,4170,4181,4184,4219,4228,4210,4160,4085,3993,3910,3801,3695,3599,3495,3403,3325,3249,3605,3139,3107,3081,3064,3043,3014,2990,2971,2977,2998,3033,3062,3075,
Senegal,SEN,Number of deaths ages 10-14 years,SH.DTH.1014,,,,,,,,,,,,,,,,,,,,,,,,,,,,,,,2020,2065,2132,2214,2317,2434,2546,2647,2727,2769,2783,2765,2715,2647,2571,2486,2400,2323,2251,2190,2131,2071,2008,1943,1871,1797,1728,1662,1606,1562,1535,1508,
Singapore,SGP,Number of deaths ages 10-14 years,SH.DTH.1014,,,,,,,,,,,,,,,,,,,,,,,,,,,,,,,55,53,51,49,47,46,45,45,44,42,40,39,39,39,38,36,35,35,34,32,29,28,27,26,25,23,21,20,19,19,18,17,
Solomon Islands,SLB,Number of deaths ages 10-14 years,SH.DTH.1014,,,,,,,,,,,,,,,,,,,,,,,,,,,,,,,27,28,28,28,28,28,28,29,29,29,30,30,30,30,31,31,32,37,32,32,32,32,32,32,32,32,32,32,32,32,32,32,
Sierra Leone,SLE,Number of deaths ages 10-14 years,SH.DTH.1014,,,,,,,,,,,,,,,,,,,,,,,,,,,,,,,1383,1438,1368,1336,1319,1310,1290,1282,1275,1260,1239,1267,1334,1367,1398,1422,1441,1452,1474,1506,1550,1601,1662,1725,1784,1834,1883,1928,1967,2003,2029,2048,
El Salvador,SLV,Number of deaths ages 10-14 years,SH.DTH.1014,,,,,,,,,,,,,,,,,,,,,,,,,,,,,,,438,420,405,392,375,357,340,325,356,303,296,400,287,285,284,283,283,283,283,307,280,277,273,268,264,261,260,262,267,273,278,282,
San Marino,SMR,Number of deaths ages 10-14 years,SH.DTH.1014,,,,,,,,,,,,,,,,,,,,,,,,,,,,,,,0,0,0,0,0,0,0,0,0,0,0,0,0,0,0,0,0,0,0,0,0,0,0,0,0,0,0,0,0,0,0,0,
Somalia,SOM,Number of deaths ages 10-14 years,SH.DTH.1014,,,,,,,,,,,,,,,,,,,,,,,,,,,,,,,2320,2288,2153,2158,2325,2393,2500,2569,2665,2748,2793,2814,2856,2959,3123,3322,3541,3702,3802,3820,4401,4408,3769,3780,3811,3837,3859,3914,3959,3994,4033,4076,
Serbia,SRB,Number of deaths ages 10-14 years,SH.DTH.1014,,,,,,,,,,,,,,,,,,,,,,,,,,,,,,,164,156,148,142,138,135,132,129,126,121,115,108,101,94,88,84,79,76,71,65,60,57,56,56,56,55,52,49,47,45,45,45,
Sub-Saharan Africa (excluding high income),SSA,Number of deaths ages 10-14 years,SH.DTH.1014,,,,,,,,,,,,,,,,,,,,,,,,,,,,,,,150438,152126,155624,161794,190199,159975,161570,163444,164045,164200,164382,164402,164411,164473,164300,164290,164441,164247,164393,163906,164458,164832,165094,166263,167852,169389,170891,172681,174493,176523,177696,179077,
South Sudan,SSD,Number of deaths ages 10-14 years,SH.DTH.1014,,,,,,,,,,,,,,,,,,,,,,,,,,,,,,,2028,2018,1995,1964,1967,1986,1982,1944,1879,1863,1900,1941,2006,2070,2092,2084,2076,2062,2044,2044,2056,2088,2137,2209,2280,2318,2357,2368,2389,2441,2516,2603,
Sub-Saharan Africa,SSF,Number of deaths ages 10-14 years,SH.DTH.1014,,,,,,,,,,,,,,,,,,,,,,,,,,,,,,,150441,152129,155627,161796,190201,159977,161572,163446,164047,164202,164384,164404,164413,164475,164302,164292,164443,164249,164395,163908,164460,164834,165096,166265,167854,169391,170893,172683,174495,176525,177698,179079,
Small states,SST,Number of deaths ages 10-14 years,SH.DTH.1014,,,,,,,,,,,,,,,,,,,,,,,,,,,,,,,2728,2769,2805,2816,2850,2888,2892,2975,2921,2926,2938,2938,2948,2941,2942,2912,2910,2853,2817,2802,2766,2744,2728,2713,2697,2693,2694,2692,2692,2717,2692,2682,
Sao Tome and Principe,STP,Number of deaths ages 10-14 years,SH.DTH.1014,,,,,,,,,,,,,,,,,,,,,,,,,,,,,,,27,28,29,30,30,30,30,29,29,28,27,26,24,23,22,20,19,18,17,16,16,15,15,14,13,13,12,12,11,11,11,10,
Suriname,SUR,Number of deaths ages 10-14 years,SH.DTH.1014,,,,,,,,,,,,,,,,,,,,,,,,,,,,,,,24,23,22,22,22,22,22,22,22,22,21,21,21,20,19,19,19,20,20,20,21,21,21,21,21,22,22,22,22,22,23,22,
Slovak Republic,SVK,Number of deaths ages 10-14 years,SH.DTH.1014,,,,,,,,,,,,,,,,,,,,,,,,,,,,,,,117,114,112,109,107,104,102,99,96,92,88,85,81,77,73,68,63,59,54,51,48,46,43,41,39,38,37,37,36,36,36,36,
Slovenia,SVN,Number of deaths ages 10-14 years,SH.DTH.1014,,,,,,,,,,,,,,,,,,,,,,,,,,,,,,,33,32,31,29,28,26,24,23,22,20,19,18,17,15,14,13,13,12,11,11,10,10,9,9,9,8,8,8,8,8,8,8,
Sweden,SWE,Number of deaths ages 10-14 years,SH.DTH.1014,,,,,,,,,,,,,,,,,,,,,,,,,,,,,,,74,72,70,68,67,67,66,67,68,70,72,73,74,74,72,69,65,60,56,52,49,48,47,47,48,48,48,49,49,50,50,50,
Eswatini,SWZ,Number of deaths ages 10-14 years,SH.DTH.1014,,,,,,,,,,,,,,,,,,,,,,,,,,,,,,,133,136,137,137,137,136,134,129,123,117,111,108,104,102,99,95,90,84,79,74,70,66,63,59,56,54,52,50,49,48,46,45,
Sint Maarten (Dutch part),SXM,Number of deaths ages 10-14 years,SH.DTH.1014,,,,,,,,,,,,,,,,,,,,,,,,,,,,,,,,,,,,,,,,,,,,,,,,,,,,,,,,,,,,,,,
Seychelles,SYC,Number of deaths ages 10-14 years,SH.DTH.1014,,,,,,,,,,,,,,,,,,,,,,,,,,,,,,,3,3,3,2,2,2,2,2,2,2,2,2,2,2,2,2,2,2,2,2,2,2,2,2,2,2,2,2,2,2,2,2,
Syrian Arab Republic,SYR,Number of deaths ages 10-14 years,SH.DTH.1014,,,,,,,,,,,,,,,,,,,,,,,,,,,,,,,1268,1284,1292,1293,1289,1280,1265,1243,1209,1158,1092,1017,941,876,835,818,820,839,865,881,900,1004,2348,3037,3184,2756,2609,1290,1299,1231,1292,1280,
Turks and Caicos Islands,TCA,Number of deaths ages 10-14 years,SH.DTH.1014,,,,,,,,,,,,,,,,,,,,,,,,,,,,,,,0,0,0,0,0,0,0,0,0,0,0,0,0,0,0,0,0,0,0,0,0,0,0,0,0,0,0,0,0,0,0,0,
Chad,TCD,Number of deaths ages 10-14 years,SH.DTH.1014,,,,,,,,,,,,,,,,,,,,,,,,,,,,,,,1985,1995,2003,2029,2081,2138,2213,2297,2380,2451,2541,2642,2752,2866,2967,3054,3157,3261,3347,3449,3564,3667,3756,3845,3947,4067,4194,4328,4463,4580,4669,4750,
East Asia & Pacific (IDA & IBRD countries),TEA,Number of deaths ages 10-14 years,SH.DTH.1014,,,,,,,,,,,,,,,,,,,,,,,,,,,,,,,93365,91963,90817,90284,89000,87646,86304,84986,83900,82591,81467,79128,75270,71152,79198,62773,59092,56328,68673,51542,49481,47721,46086,45301,43525,42494,41696,41225,40923,40626,40260,39806,
Europe & Central Asia (IDA & IBRD countries),TEC,Number of deaths ages 10-14 years,SH.DTH.1014,,,,,,,,,,,,,,,,,,,,,,,,,,,,,,,16136,16497,17348,17564,17306,17392,17370,17298,17169,18414,16493,15805,14879,13855,12881,12007,11214,10519,9897,9318,8777,8307,7904,7576,7335,7152,7002,6904,6846,6800,6752,6702,
Togo,TGO,Number of deaths ages 10-14 years,SH.DTH.1014,,,,,,,,,,,,,,,,,,,,,,,,,,,,,,,853,864,874,885,833,862,881,897,906,912,917,924,928,931,935,939,942,945,947,953,959,967,973,981,988,991,994,1001,1006,1011,1018,1023,
Thailand,THA,Number of deaths ages 10-14 years,SH.DTH.1014,,,,,,,,,,,,,,,,,,,,,,,,,,,,,,,3226,3131,3088,3051,3032,3020,3003,2985,2997,3049,3122,3175,3202,3186,3595,3067,2997,2929,2857,2771,2663,2521,2381,2263,2178,2119,2081,2064,2062,2067,2066,2053,
Tajikistan,TJK,Number of deaths ages 10-14 years,SH.DTH.1014,,,,,,,,,,,,,,,,,,,,,,,,,,,,,,,417,462,561,547,570,578,643,536,488,434,382,344,311,286,268,256,246,240,236,233,229,228,227,225,223,221,219,217,217,217,219,220,
Turkmenistan,TKM,Number of deaths ages 10-14 years,SH.DTH.1014,,,,,,,,,,,,,,,,,,,,,,,,,,,,,,,274,282,290,300,310,318,326,333,337,340,340,338,335,331,325,315,303,287,270,252,237,225,215,208,205,203,203,205,208,211,216,221,
Latin America & the Caribbean (IDA & IBRD countries),TLA,Number of deaths ages 10-14 years,SH.DTH.1014,,,,,,,,,,,,,,,,,,,,,,,,,,,,,,,26079,25458,24915,24454,24048,23697,23379,23087,24622,22552,22300,22147,21770,21509,21540,21207,20843,20592,20309,19992,27860,19214,18829,18432,18055,17710,17423,17202,16845,16287,15878,15693,
Timor-Leste,TLS,Number of deaths ages 10-14 years,SH.DTH.1014,,,,,,,,,,,,,,,,,,,,,,,,,,,,,,,148,151,151,153,154,156,156,156,155,153,151,149,148,147,145,143,140,138,136,136,137,139,141,143,143,143,141,139,135,131,126,122,
Middle East & North Africa (IDA & IBRD countries),TMN,Number of deaths ages 10-14 years,SH.DTH.1014,,,,,,,,,,,,,,,,,,,,,,,,,,,,,,,27372,22940,22564,22244,22007,21725,21404,21019,20533,19980,19378,18792,18248,20707,17323,16941,16599,16203,15847,15611,15394,15378,16466,16952,16990,16690,16433,14997,15136,15083,14900,15231,
Tonga,TON,Number of deaths ages 10-14 years,SH.DTH.1014,,,,,,,,,,,,,,,,,,,,,,,,,,,,,,,4,4,4,4,5,5,5,5,5,5,5,5,5,5,5,5,5,4,4,4,4,4,3,3,3,3,3,2,2,2,2,2,
South Asia (IDA & IBRD),TSA,Number of deaths ages 10-14 years,SH.DTH.1014,,,,,,,,,,,,,,,,,,,,,,,,,,,,,,,181545,196497,182580,183676,184637,184986,183970,181656,179038,174590,170747,167057,164028,161657,161463,165429,154483,151325,147593,143875,138928,134503,130030,125366,120638,116672,110809,105933,101170,96602,92149,88262,
Sub-Saharan Africa (IDA & IBRD countries),TSS,Number of deaths ages 10-14 years,SH.DTH.1014,,,,,,,,,,,,,,,,,,,,,,,,,,,,,,,150441,152129,155627,161796,190201,159977,161572,163446,164047,164202,164384,164404,164413,164475,164302,164292,164443,164249,164395,163908,164460,164834,165096,166265,167854,169391,170893,172683,174495,176525,177698,179079,
Trinidad and Tobago,TTO,Number of deaths ages 10-14 years,SH.DTH.1014,,,,,,,,,,,,,,,,,,,,,,,,,,,,,,,53,54,56,57,58,58,58,57,55,53,51,48,46,43,41,39,37,35,34,32,31,30,30,29,29,28,28,27,27,27,26,26,
Tunisia,TUN,Number of deaths ages 10-14 years,SH.DTH.1014,,,,,,,,,,,,,,,,,,,,,,,,,,,,,,,611,592,572,555,539,526,515,505,493,479,463,446,429,412,396,380,362,342,323,305,289,277,269,265,265,269,275,282,288,293,297,302,
Turkiye,TUR,Number of deaths ages 10-14 years,SH.DTH.1014,,,,,,,,,,,,,,,,,,,,,,,,,,,,,,,2450,2541,2624,2707,2782,2852,2921,2981,3035,4584,3109,3122,3117,3095,3061,3014,2949,2861,2741,2585,2402,2209,2014,1827,1674,1561,1473,1414,1377,1349,1321,1290,
Tuvalu,TUV,Number of deaths ages 10-14 years,SH.DTH.1014,,,,,,,,,,,,,,,,,,,,,,,,,,,,,,,1,1,1,1,1,1,1,1,1,1,1,1,1,1,1,1,1,1,1,1,1,1,1,1,1,1,0,0,0,0,0,0,
Tanzania,TZA,Number of deaths ages 10-14 years,SH.DTH.1014,,,,,,,,,,,,,,,,,,,,,,,,,,,,,,,5697,5716,5721,5694,5741,5765,5645,5415,5279,5105,4967,4853,4734,4620,4506,4404,4343,4322,4345,4398,4459,4594,4763,4943,5149,5333,5528,5697,5817,5872,5882,5878,
Uganda,UGA,Number of deaths ages 10-14 years,SH.DTH.1014,,,,,,,,,,,,,,,,,,,,,,,,,,,,,,,4170,4189,4228,4279,4343,4425,4520,4633,4752,4887,5011,5125,5228,5328,5422,5514,5596,5664,5722,5773,5817,5879,5955,6023,6090,6154,6212,6251,6266,6292,6286,6282,
Ukraine,UKR,Number of deaths ages 10-14 years,SH.DTH.1014,,,,,,,,,,,,,,,,,,,,,,,,,,,,,,,1502,1511,1524,1556,1579,1573,1559,1535,1486,1417,1346,1267,1181,1098,1014,934,856,781,708,642,581,528,485,456,439,428,424,425,429,436,441,443,
Upper middle income,UMC,Number of deaths ages 10-14 years,SH.DTH.1014,,,,,,,,,,,,,,,,,,,,,,,,,,,,,,,92040,89992,89974,89646,88286,87440,86694,86241,85838,87048,85176,83399,79815,75888,72416,67928,64214,61304,62861,56209,53918,51897,49908,48269,46948,45771,44855,44159,43708,43265,42724,42144,
Uruguay,URY,Number of deaths ages 10-14 years,SH.DTH.1014,,,,,,,,,,,,,,,,,,,,,,,,,,,,,,,92,89,86,83,81,79,78,77,76,75,74,73,72,71,70,69,68,66,65,63,61,58,56,54,52,50,48,47,45,43,42,41,
United States,USA,Number of deaths ages 10-14 years,SH.DTH.1014,,,,,,,,,,,,,,,,,,,,,,,,,,,,,,,4503,4566,4621,4655,4647,4605,4536,4450,4361,4281,4213,4149,4087,4013,3903,3759,3595,3429,3276,3154,3069,3017,2994,3004,3039,3088,3153,3237,3314,3372,3407,3384,
Uzbekistan,UZB,Number of deaths ages 10-14 years,SH.DTH.1014,,,,,,,,,,,,,,,,,,,,,,,,,,,,,,,1475,1523,1570,1615,1656,1689,1709,1710,1683,1628,1556,1480,1403,1337,1282,1237,1197,1163,1133,1105,1080,1058,1043,1033,1030,1030,1030,1032,1036,1037,1032,1020,
St. Vincent and the Grenadines,VCT,Number of deaths ages 10-14 years,SH.DTH.1014,,,,,,,,,,,,,,,,,,,,,,,,,,,,,,,4,4,4,4,4,4,5,5,4,4,4,5,5,5,5,5,5,5,5,5,5,5,5,5,5,5,5,5,5,5,5,5,
"Venezuela, RB",VEN,Number of deaths ages 10-14 years,SH.DTH.1014,,,,,,,,,,,,,,,,,,,,,,,,,,,,,,,1064,1058,1052,1047,1044,1044,1049,1060,1079,1105,1138,1172,1201,1220,1226,1221,1208,1187,1162,1137,1116,1103,1101,1114,1136,1158,1172,1340,1344,1178,1176,1179,
British Virgin Islands,VGB,Number of deaths ages 10-14 years,SH.DTH.1014,,,,,,,,,,,,,,,,,,,,,,,,,,,,,,,0,0,0,0,0,0,0,1,1,1,1,1,1,1,1,1,1,1,1,1,1,1,1,1,1,1,1,1,1,1,1,1,
Virgin Islands (U.S.),VIR,Number of deaths ages 10-14 years,SH.DTH.1014,,,,,,,,,,,,,,,,,,,,,,,,,,,,,,,,,,,,,,,,,,,,,,,,,,,,,,,,,,,,,,,
Viet Nam,VNM,Number of deaths ages 10-14 years,SH.DTH.1014,,,,,,,,,,,,,,,,,,,,,,,,,,,,,,,4075,4121,4167,4204,4227,4238,4229,4195,4133,4066,3997,3905,3813,3714,3604,3460,3288,3100,2916,2749,2629,2555,2508,2486,2476,2465,2439,2408,2381,2356,2326,2304,
Vanuatu,VUT,Number of deaths ages 10-14 years,SH.DTH.1014,,,,,,,,,,,,,,,,,,,,,,,,,,,,,,,12,11,12,12,12,12,12,13,13,13,13,13,14,14,14,14,15,15,15,15,15,15,15,15,15,15,16,16,16,16,17,17,
World,WLD,Number of deaths ages 10-14 years,SH.DTH.1014,,,,,,,,,,,,,,,,,,,,,,,,,,,,,,,512519,522809,511038,517014,543891,511875,509764,506726,504008,496497,488411,480481,471283,465581,468474,453967,437555,429686,436789,413969,414292,399569,393240,388505,382879,378411,372468,367121,363577,360087,355735,352758,
Samoa,WSM,Number of deaths ages 10-14 years,SH.DTH.1014,,,,,,,,,,,,,,,,,,,,,,,,,,,,,,,4,4,4,4,4,4,4,5,5,5,5,5,5,6,6,6,6,6,6,20,6,6,6,6,6,6,6,6,6,6,6,6,
Kosovo,XKX,Number of deaths ages 10-14 years,SH.DTH.1014,,,,,,,,,,,,,,,,,,,,,,,,,,,,,,,152,148,144,141,138,135,132,129,126,121,117,113,107,95,84,75,68,64,60,57,54,53,51,49,47,44,41,38,36,34,33,32,
"Yemen, Rep.",YEM,Number of deaths ages 10-14 years,SH.DTH.1014,,,,,,,,,,,,,,,,,,,,,,,,,,,,,,,2393,2404,2410,2413,2418,2413,2403,2391,2374,2350,2317,2279,2240,2197,2149,2095,2023,1941,1860,1791,1730,1707,1699,1634,1647,1857,1824,1799,1966,1991,1728,2009,
South Africa,ZAF,Number of deaths ages 10-14 years,SH.DTH.1014,,,,,,,,,,,,,,,,,,,,,,,,,,,,,,,1712,1946,2218,2494,2758,3018,3294,3591,3917,4249,4580,4897,5179,5436,5640,5775,5787,5647,5390,5070,4705,4331,3993,3703,3470,3314,3238,3200,3238,3294,3327,3357,
Zambia,ZMB,Number of deaths ages 10-14 years,SH.DTH.1014,,,,,,,,,,,,,,,,,,,,,,,,,,,,,,,1944,1932,1921,1912,1903,1897,1893,1888,1883,1873,1858,1845,1836,1829,1824,1822,1826,1832,1838,1843,1848,1856,1863,1871,1878,1883,1893,1899,1905,1912,1913,1911,
Zimbabwe,ZWE,Number of deaths ages 10-14 years,SH.DTH.1014,,,,,,,,,,,,,,,,,,,,,,,,,,,,,,,1400,1476,1566,1683,1766,1839,1901,1939,1964,1974,1986,1995,2020,2059,2119,2184,2251,2331,2400,2471,2544,2603,2652,2687,2700,2691,2665,2635,2615,2613,2632,2664,